Resume File Name,Top Words
Randhir's Resume63.pdf,insight
Randhir's Resume63.pdf,are
Randhir's Resume63.pdf,collabor
Randhir's Resume63.pdf,work
Randhir's Resume63.pdf,to
Randhir's Resume63.pdf,employ
Randhir's Resume63.pdf,experi
Randhir's Resume63.pdf,busi
Randhir's Resume63.pdf,dataset
Randhir's Resume63.pdf,&
Randhir's Resume63.pdf,using
Randhir's Resume63.pdf,a
Randhir's Resume63.pdf,lead
Randhir's Resume63.pdf,research
Randhir's Resume63.pdf,Web
Randhir's Resume63.pdf,use
Randhir's Resume63.pdf,expert
Randhir's Resume63.pdf,as
Randhir's Resume63.pdf,Developer
Randhir's Resume63.pdf,Strong
Randhir's Resume63.pdf,062023
Randhir's Resume63.pdf,gener
Randhir's Resume63.pdf,algorithm
Randhir's Resume63.pdf,util
Randhir's Resume63.pdf,Experience
Randhir's Resume63.pdf,skills
Randhir's Resume63.pdf,security
Randhir's Resume63.pdf,of
Randhir's Resume63.pdf,with
Randhir's Resume63.pdf,rate
Randhir's Resume63.pdf,action
Randhir's Resume63.pdf,Data
Randhir's Resume63.pdf,understanding
Randhir's Resume63.pdf,analyz
Randhir's Resume63.pdf,from
Randhir's Resume63.pdf,visual
Randhir's Resume63.pdf,excel
Randhir's Resume63.pdf,15
Randhir's Resume63.pdf,pattern
Randhir's Resume63.pdf,method
Randhir's Resume63.pdf,development
Randhir's Resume63.pdf,that
Randhir's Resume63.pdf,database
Randhir's Resume63.pdf,dog
Randhir's Resume63.pdf,or
Randhir's Resume63.pdf,machin
Randhir's Resume63.pdf,issu
Randhir's Resume63.pdf,amravati
Randhir's Resume63.pdf,for
Randhir's Resume63.pdf,nlp
Randhir's Resume63.pdf,technical
Randhir's Resume63.pdf,is
Randhir's Resume63.pdf,will
Randhir's Resume63.pdf,student
Randhir's Resume63.pdf,improv
Randhir's Resume63.pdf,evalu
Randhir's Resume63.pdf,skill
Randhir's Resume63.pdf,/
Randhir's Resume63.pdf,resum
Randhir's Resume63.pdf,other
Randhir's Resume63.pdf,report
Randhir's Resume63.pdf,business
Randhir's Resume63.pdf,outcom
Randhir's Resume63.pdf,years
Randhir's Resume63.pdf,leverag
Randhir's Resume63.pdf,build
Randhir's Resume63.pdf,statist
Randhir's Resume63.pdf,tool
Randhir's Resume63.pdf,our
Randhir's Resume63.pdf,develop
Randhir's Resume63.pdf,including
Randhir's Resume63.pdf,python
Randhir's Resume63.pdf,and
Randhir's Resume63.pdf,Salesforce
Randhir's Resume63.pdf,retent
Randhir's Resume63.pdf,on
Randhir's Resume63.pdf,design
Randhir's Resume63.pdf,working
Randhir's Resume63.pdf,an
Randhir's Resume63.pdf,20
Randhir's Resume63.pdf,knowledge
Randhir's Resume63.pdf,Knowledge
Randhir's Resume63.pdf,in
Randhir's Resume63.pdf,increas
Randhir's Resume63.pdf,team
Randhir's Resume63.pdf,analyst
Randhir's Resume63.pdf,the
Randhir's Resume63.pdf,web
Randhir's Resume63.pdf,-
Randhir's Resume63.pdf,learn
Randhir's Resume63.pdf,data
Randhir's Resume63.pdf,techniqu
Randhir's Resume63.pdf,have
Randhir's Resume63.pdf,extract
Randhir's Resume63.pdf,movi
Randhir's Resume63.pdf,experience
Randhir's Resume63.pdf,Ability
Randhir's Resume63.pdf,scienc
Randhir's Resume63.pdf,be
Randhir's Resume63.pdf,20
Randhir's Resume63.pdf,that
Randhir's Resume63.pdf,pattern
Randhir's Resume63.pdf,web
Randhir's Resume63.pdf,retent
Randhir's Resume63.pdf,analyst
Randhir's Resume63.pdf,scienc
Randhir's Resume63.pdf,Ability
Randhir's Resume63.pdf,gener
Randhir's Resume63.pdf,062023
Randhir's Resume63.pdf,dog
Randhir's Resume63.pdf,leverag
Randhir's Resume63.pdf,for
Randhir's Resume63.pdf,visual
Randhir's Resume63.pdf,-
Randhir's Resume63.pdf,with
Randhir's Resume63.pdf,amravati
Randhir's Resume63.pdf,student
Randhir's Resume63.pdf,report
Randhir's Resume63.pdf,movi
Randhir's Resume63.pdf,as
Randhir's Resume63.pdf,using
Randhir's Resume63.pdf,outcom
Randhir's Resume63.pdf,or
Randhir's Resume63.pdf,years
Randhir's Resume63.pdf,increas
Randhir's Resume63.pdf,Data
Randhir's Resume63.pdf,build
Randhir's Resume63.pdf,algorithm
Randhir's Resume63.pdf,excel
Randhir's Resume63.pdf,the
Randhir's Resume63.pdf,statist
Randhir's Resume63.pdf,lead
Randhir's Resume63.pdf,Experience
Randhir's Resume63.pdf,experience
Randhir's Resume63.pdf,will
Randhir's Resume63.pdf,working
Randhir's Resume63.pdf,and
Randhir's Resume63.pdf,Strong
Randhir's Resume63.pdf,be
Randhir's Resume63.pdf,in
Randhir's Resume63.pdf,of
Randhir's Resume63.pdf,busi
Randhir's Resume63.pdf,understanding
Randhir's Resume63.pdf,are
Randhir's Resume63.pdf,skill
Randhir's Resume63.pdf,util
Randhir's Resume63.pdf,including
Randhir's Resume63.pdf,learn
Randhir's Resume63.pdf,database
Randhir's Resume63.pdf,experi
Randhir's Resume63.pdf,15
Randhir's Resume63.pdf,Web
Randhir's Resume63.pdf,rate
Randhir's Resume63.pdf,from
Randhir's Resume63.pdf,expert
Randhir's Resume63.pdf,insight
Randhir's Resume63.pdf,action
Randhir's Resume63.pdf,our
Randhir's Resume63.pdf,security
Randhir's Resume63.pdf,research
Randhir's Resume63.pdf,python
Randhir's Resume63.pdf,dataset
Randhir's Resume63.pdf,evalu
Randhir's Resume63.pdf,use
Randhir's Resume63.pdf,method
Randhir's Resume63.pdf,nlp
Randhir's Resume63.pdf,have
Randhir's Resume63.pdf,team
Randhir's Resume63.pdf,technical
Randhir's Resume63.pdf,techniqu
Randhir's Resume63.pdf,Knowledge
Randhir's Resume63.pdf,/
Randhir's Resume63.pdf,issu
Randhir's Resume63.pdf,design
Randhir's Resume63.pdf,develop
Randhir's Resume63.pdf,Developer
Randhir's Resume63.pdf,data
Randhir's Resume63.pdf,employ
Randhir's Resume63.pdf,resum
Randhir's Resume63.pdf,extract
Randhir's Resume63.pdf,skills
Randhir's Resume63.pdf,on
Randhir's Resume63.pdf,collabor
Randhir's Resume63.pdf,an
Randhir's Resume63.pdf,machin
Randhir's Resume63.pdf,improv
Randhir's Resume63.pdf,&
Randhir's Resume63.pdf,to
Randhir's Resume63.pdf,tool
Randhir's Resume63.pdf,analyz
Randhir's Resume63.pdf,work
Randhir's Resume63.pdf,is
Randhir's Resume63.pdf,business
Randhir's Resume63.pdf,Salesforce
Randhir's Resume63.pdf,knowledge
Randhir's Resume63.pdf,other
Randhir's Resume63.pdf,a
Randhir's Resume63.pdf,development
Randhir's Resume63.pdf,20
Randhir's Resume63.pdf,that
Randhir's Resume63.pdf,pattern
Randhir's Resume63.pdf,web
Randhir's Resume63.pdf,retent
Randhir's Resume63.pdf,analyst
Randhir's Resume63.pdf,scienc
Randhir's Resume63.pdf,Ability
Randhir's Resume63.pdf,gener
Randhir's Resume63.pdf,062023
Randhir's Resume63.pdf,dog
Randhir's Resume63.pdf,leverag
Randhir's Resume63.pdf,for
Randhir's Resume63.pdf,visual
Randhir's Resume63.pdf,-
Randhir's Resume63.pdf,with
Randhir's Resume63.pdf,amravati
Randhir's Resume63.pdf,student
Randhir's Resume63.pdf,report
Randhir's Resume63.pdf,movi
Randhir's Resume63.pdf,as
Randhir's Resume63.pdf,using
Randhir's Resume63.pdf,outcom
Randhir's Resume63.pdf,or
Randhir's Resume63.pdf,years
Randhir's Resume63.pdf,increas
Randhir's Resume63.pdf,Data
Randhir's Resume63.pdf,build
Randhir's Resume63.pdf,algorithm
Randhir's Resume63.pdf,excel
Randhir's Resume63.pdf,the
Randhir's Resume63.pdf,statist
Randhir's Resume63.pdf,lead
Randhir's Resume63.pdf,Experience
Randhir's Resume63.pdf,experience
Randhir's Resume63.pdf,will
Randhir's Resume63.pdf,working
Randhir's Resume63.pdf,and
Randhir's Resume63.pdf,Strong
Randhir's Resume63.pdf,be
Randhir's Resume63.pdf,in
Randhir's Resume63.pdf,of
Randhir's Resume63.pdf,busi
Randhir's Resume63.pdf,understanding
Randhir's Resume63.pdf,are
Randhir's Resume63.pdf,skill
Randhir's Resume63.pdf,util
Randhir's Resume63.pdf,including
Randhir's Resume63.pdf,learn
Randhir's Resume63.pdf,database
Randhir's Resume63.pdf,experi
Randhir's Resume63.pdf,15
Randhir's Resume63.pdf,Web
Randhir's Resume63.pdf,rate
Randhir's Resume63.pdf,from
Randhir's Resume63.pdf,expert
Randhir's Resume63.pdf,insight
Randhir's Resume63.pdf,action
Randhir's Resume63.pdf,our
Randhir's Resume63.pdf,security
Randhir's Resume63.pdf,research
Randhir's Resume63.pdf,python
Randhir's Resume63.pdf,dataset
Randhir's Resume63.pdf,evalu
Randhir's Resume63.pdf,use
Randhir's Resume63.pdf,method
Randhir's Resume63.pdf,nlp
Randhir's Resume63.pdf,have
Randhir's Resume63.pdf,team
Randhir's Resume63.pdf,technical
Randhir's Resume63.pdf,techniqu
Randhir's Resume63.pdf,Knowledge
Randhir's Resume63.pdf,/
Randhir's Resume63.pdf,issu
Randhir's Resume63.pdf,design
Randhir's Resume63.pdf,develop
Randhir's Resume63.pdf,Developer
Randhir's Resume63.pdf,data
Randhir's Resume63.pdf,employ
Randhir's Resume63.pdf,resum
Randhir's Resume63.pdf,extract
Randhir's Resume63.pdf,skills
Randhir's Resume63.pdf,on
Randhir's Resume63.pdf,collabor
Randhir's Resume63.pdf,an
Randhir's Resume63.pdf,machin
Randhir's Resume63.pdf,improv
Randhir's Resume63.pdf,&
Randhir's Resume63.pdf,to
Randhir's Resume63.pdf,tool
Randhir's Resume63.pdf,analyz
Randhir's Resume63.pdf,work
Randhir's Resume63.pdf,is
Randhir's Resume63.pdf,business
Randhir's Resume63.pdf,Salesforce
Randhir's Resume63.pdf,knowledge
Randhir's Resume63.pdf,other
Randhir's Resume63.pdf,a
Randhir's Resume63.pdf,development
Randhir's Resume63.pdf,movi
Randhir's Resume63.pdf,dataset
Randhir's Resume63.pdf,/
Randhir's Resume63.pdf,web
Randhir's Resume63.pdf,increas
Randhir's Resume63.pdf,skills
Randhir's Resume63.pdf,Experience
Randhir's Resume63.pdf,scienc
Randhir's Resume63.pdf,lead
Randhir's Resume63.pdf,develop
Randhir's Resume63.pdf,Knowledge
Randhir's Resume63.pdf,nlp
Randhir's Resume63.pdf,our
Randhir's Resume63.pdf,20
Randhir's Resume63.pdf,15
Randhir's Resume63.pdf,&
Randhir's Resume63.pdf,Data
Randhir's Resume63.pdf,resum
Randhir's Resume63.pdf,statist
Randhir's Resume63.pdf,util
Randhir's Resume63.pdf,-
Randhir's Resume63.pdf,will
Randhir's Resume63.pdf,other
Randhir's Resume63.pdf,busi
Randhir's Resume63.pdf,062023
Randhir's Resume63.pdf,using
Randhir's Resume63.pdf,Developer
Randhir's Resume63.pdf,Strong
Randhir's Resume63.pdf,improv
Randhir's Resume63.pdf,amravati
Randhir's Resume63.pdf,that
Randhir's Resume63.pdf,from
Randhir's Resume63.pdf,Ability
Randhir's Resume63.pdf,business
Randhir's Resume63.pdf,the
Randhir's Resume63.pdf,a
Randhir's Resume63.pdf,analyst
Randhir's Resume63.pdf,report
Randhir's Resume63.pdf,student
Randhir's Resume63.pdf,to
Randhir's Resume63.pdf,experi
Randhir's Resume63.pdf,learn
Randhir's Resume63.pdf,on
Randhir's Resume63.pdf,work
Randhir's Resume63.pdf,retent
Randhir's Resume63.pdf,build
Randhir's Resume63.pdf,as
Randhir's Resume63.pdf,years
Randhir's Resume63.pdf,tool
Randhir's Resume63.pdf,an
Randhir's Resume63.pdf,with
Randhir's Resume63.pdf,and
Randhir's Resume63.pdf,security
Randhir's Resume63.pdf,machin
Randhir's Resume63.pdf,expert
Randhir's Resume63.pdf,excel
Randhir's Resume63.pdf,collabor
Randhir's Resume63.pdf,understanding
Randhir's Resume63.pdf,is
Randhir's Resume63.pdf,have
Randhir's Resume63.pdf,working
Randhir's Resume63.pdf,skill
Randhir's Resume63.pdf,method
Randhir's Resume63.pdf,development
Randhir's Resume63.pdf,in
Randhir's Resume63.pdf,outcom
Randhir's Resume63.pdf,knowledge
Randhir's Resume63.pdf,pattern
Randhir's Resume63.pdf,experience
Randhir's Resume63.pdf,Web
Randhir's Resume63.pdf,dog
Randhir's Resume63.pdf,research
Randhir's Resume63.pdf,python
Randhir's Resume63.pdf,technical
Randhir's Resume63.pdf,leverag
Randhir's Resume63.pdf,analyz
Randhir's Resume63.pdf,for
Randhir's Resume63.pdf,team
Randhir's Resume63.pdf,issu
Randhir's Resume63.pdf,design
Randhir's Resume63.pdf,visual
Randhir's Resume63.pdf,rate
Randhir's Resume63.pdf,including
Randhir's Resume63.pdf,evalu
Randhir's Resume63.pdf,techniqu
Randhir's Resume63.pdf,employ
Randhir's Resume63.pdf,of
Randhir's Resume63.pdf,data
Randhir's Resume63.pdf,extract
Randhir's Resume63.pdf,database
Randhir's Resume63.pdf,use
Randhir's Resume63.pdf,be
Randhir's Resume63.pdf,algorithm
Randhir's Resume63.pdf,insight
Randhir's Resume63.pdf,are
Randhir's Resume63.pdf,action
Randhir's Resume63.pdf,Salesforce
Randhir's Resume63.pdf,gener
Randhir's Resume63.pdf,or
Randhir's Resume63.pdf,movi
Randhir's Resume63.pdf,excel
Randhir's Resume63.pdf,20
Randhir's Resume63.pdf,Developer
Randhir's Resume63.pdf,techniqu
Randhir's Resume63.pdf,web
Randhir's Resume63.pdf,analyst
Randhir's Resume63.pdf,have
Randhir's Resume63.pdf,in
Randhir's Resume63.pdf,data
Randhir's Resume63.pdf,knowledge
Randhir's Resume63.pdf,or
Randhir's Resume63.pdf,design
Randhir's Resume63.pdf,lead
Randhir's Resume63.pdf,expert
Randhir's Resume63.pdf,increas
Randhir's Resume63.pdf,nlp
Randhir's Resume63.pdf,15
Randhir's Resume63.pdf,experience
Randhir's Resume63.pdf,improv
Randhir's Resume63.pdf,are
Randhir's Resume63.pdf,be
Randhir's Resume63.pdf,Web
Randhir's Resume63.pdf,collabor
Randhir's Resume63.pdf,resum
Randhir's Resume63.pdf,gener
Randhir's Resume63.pdf,is
Randhir's Resume63.pdf,other
Randhir's Resume63.pdf,extract
Randhir's Resume63.pdf,/
Randhir's Resume63.pdf,work
Randhir's Resume63.pdf,development
Randhir's Resume63.pdf,062023
Randhir's Resume63.pdf,python
Randhir's Resume63.pdf,research
Randhir's Resume63.pdf,a
Randhir's Resume63.pdf,to
Randhir's Resume63.pdf,develop
Randhir's Resume63.pdf,team
Randhir's Resume63.pdf,analyz
Randhir's Resume63.pdf,action
Randhir's Resume63.pdf,on
Randhir's Resume63.pdf,business
Randhir's Resume63.pdf,util
Randhir's Resume63.pdf,machin
Randhir's Resume63.pdf,experi
Randhir's Resume63.pdf,Ability
Randhir's Resume63.pdf,outcom
Randhir's Resume63.pdf,report
Randhir's Resume63.pdf,our
Randhir's Resume63.pdf,insight
Randhir's Resume63.pdf,scienc
Randhir's Resume63.pdf,dog
Randhir's Resume63.pdf,Data
Randhir's Resume63.pdf,-
Randhir's Resume63.pdf,busi
Randhir's Resume63.pdf,from
Randhir's Resume63.pdf,evalu
Randhir's Resume63.pdf,using
Randhir's Resume63.pdf,retent
Randhir's Resume63.pdf,method
Randhir's Resume63.pdf,will
Randhir's Resume63.pdf,with
Randhir's Resume63.pdf,build
Randhir's Resume63.pdf,skill
Randhir's Resume63.pdf,algorithm
Randhir's Resume63.pdf,rate
Randhir's Resume63.pdf,pattern
Randhir's Resume63.pdf,skills
Randhir's Resume63.pdf,as
Randhir's Resume63.pdf,visual
Randhir's Resume63.pdf,including
Randhir's Resume63.pdf,an
Randhir's Resume63.pdf,leverag
Randhir's Resume63.pdf,database
Randhir's Resume63.pdf,issu
Randhir's Resume63.pdf,that
Randhir's Resume63.pdf,the
Randhir's Resume63.pdf,tool
Randhir's Resume63.pdf,student
Randhir's Resume63.pdf,statist
Randhir's Resume63.pdf,and
Randhir's Resume63.pdf,Knowledge
Randhir's Resume63.pdf,technical
Randhir's Resume63.pdf,Salesforce
Randhir's Resume63.pdf,learn
Randhir's Resume63.pdf,Strong
Randhir's Resume63.pdf,employ
Randhir's Resume63.pdf,use
Randhir's Resume63.pdf,understanding
Randhir's Resume63.pdf,for
Randhir's Resume63.pdf,working
Randhir's Resume63.pdf,Experience
Randhir's Resume63.pdf,amravati
Randhir's Resume63.pdf,security
Randhir's Resume63.pdf,dataset
Randhir's Resume63.pdf,of
Randhir's Resume63.pdf,years
Randhir's Resume63.pdf,&
Randhir's Resume (1).pdf,062023
Randhir's Resume (1).pdf,Web
Randhir's Resume (1).pdf,-
Randhir's Resume (1).pdf,that
Randhir's Resume (1).pdf,environ
Randhir's Resume (1).pdf,algorithm
Randhir's Resume (1).pdf,from
Randhir's Resume (1).pdf,solut
Randhir's Resume (1).pdf,util
Randhir's Resume (1).pdf,will
Randhir's Resume (1).pdf,database
Randhir's Resume (1).pdf,&
Randhir's Resume (1).pdf,analyst
Randhir's Resume (1).pdf,experi
Randhir's Resume (1).pdf,dog
Randhir's Resume (1).pdf,movi
Randhir's Resume (1).pdf,busi
Randhir's Resume (1).pdf,Strong
Randhir's Resume (1).pdf,our
Randhir's Resume (1).pdf,model
Randhir's Resume (1).pdf,nlp
Randhir's Resume (1).pdf,using
Randhir's Resume (1).pdf,development
Randhir's Resume (1).pdf,as
Randhir's Resume (1).pdf,Salesforce
Randhir's Resume (1).pdf,use
Randhir's Resume (1).pdf,a
Randhir's Resume (1).pdf,of
Randhir's Resume (1).pdf,evalu
Randhir's Resume (1).pdf,expert
Randhir's Resume (1).pdf,crossfunct
Randhir's Resume (1).pdf,analyz
Randhir's Resume (1).pdf,dataset
Randhir's Resume (1).pdf,insight
Randhir's Resume (1).pdf,process
Randhir's Resume (1).pdf,issu
Randhir's Resume (1).pdf,Developer
Randhir's Resume (1).pdf,tool
Randhir's Resume (1).pdf,for
Randhir's Resume (1).pdf,scienc
Randhir's Resume (1).pdf,skill
Randhir's Resume (1).pdf,rate
Randhir's Resume (1).pdf,resum
Randhir's Resume (1).pdf,team
Randhir's Resume (1).pdf,Ability
Randhir's Resume (1).pdf,other
Randhir's Resume (1).pdf,address
Randhir's Resume (1).pdf,languag
Randhir's Resume (1).pdf,be
Randhir's Resume (1).pdf,skills
Randhir's Resume (1).pdf,work
Randhir's Resume (1).pdf,web
Randhir's Resume (1).pdf,20
Randhir's Resume (1).pdf,design
Randhir's Resume (1).pdf,develop
Randhir's Resume (1).pdf,machin
Randhir's Resume (1).pdf,to
Randhir's Resume (1).pdf,knowledge
Randhir's Resume (1).pdf,business
Randhir's Resume (1).pdf,have
Randhir's Resume (1).pdf,engin
Randhir's Resume (1).pdf,the
Randhir's Resume (1).pdf,is
Randhir's Resume (1).pdf,/
Randhir's Resume (1).pdf,on
Randhir's Resume (1).pdf,excel
Randhir's Resume (1).pdf,architect
Randhir's Resume (1).pdf,build
Randhir's Resume (1).pdf,are
Randhir's Resume (1).pdf,Data
Randhir's Resume (1).pdf,an
Randhir's Resume (1).pdf,recommend
Randhir's Resume (1).pdf,in
Randhir's Resume (1).pdf,with
Randhir's Resume (1).pdf,experience
Randhir's Resume (1).pdf,or
Randhir's Resume (1).pdf,technical
Randhir's Resume (1).pdf,Knowledge
Randhir's Resume (1).pdf,datadriven
Randhir's Resume (1).pdf,challeng
Randhir's Resume (1).pdf,learn
Randhir's Resume (1).pdf,amravati
Randhir's Resume (1).pdf,scalabl
Randhir's Resume (1).pdf,working
Randhir's Resume (1).pdf,data
Randhir's Resume (1).pdf,years
Randhir's Resume (1).pdf,including
Randhir's Resume (1).pdf,understanding
Randhir's Resume (1).pdf,Experience
Randhir's Resume (1).pdf,collabor
Randhir's Resume (1).pdf,security
Randhir's Resume (1).pdf,and
Randhir's Resume (1).pdf,improv
Randhir's Resume (1).pdf,visual
Randhir's Resume (1).pdf,retent
Randhir's Resume (1).pdf,technolog
Randhir's Resume (1).pdf,student
Randhir's Resume63.pdf,Knowledge
Randhir's Resume63.pdf,collabor
Randhir's Resume63.pdf,security
Randhir's Resume63.pdf,improv
Randhir's Resume63.pdf,and
Randhir's Resume63.pdf,resum
Randhir's Resume63.pdf,as
Randhir's Resume63.pdf,leverag
Randhir's Resume63.pdf,nlp
Randhir's Resume63.pdf,retent
Randhir's Resume63.pdf,issu
Randhir's Resume63.pdf,lead
Randhir's Resume63.pdf,student
Randhir's Resume63.pdf,expert
Randhir's Resume63.pdf,amravati
Randhir's Resume63.pdf,work
Randhir's Resume63.pdf,or
Randhir's Resume63.pdf,skill
Randhir's Resume63.pdf,from
Randhir's Resume63.pdf,web
Randhir's Resume63.pdf,action
Randhir's Resume63.pdf,dataset
Randhir's Resume63.pdf,evalu
Randhir's Resume63.pdf,of
Randhir's Resume63.pdf,technical
Randhir's Resume63.pdf,util
Randhir's Resume63.pdf,Developer
Randhir's Resume63.pdf,build
Randhir's Resume63.pdf,are
Randhir's Resume63.pdf,method
Randhir's Resume63.pdf,excel
Randhir's Resume63.pdf,-
Randhir's Resume63.pdf,design
Randhir's Resume63.pdf,movi
Randhir's Resume63.pdf,Strong
Randhir's Resume63.pdf,algorithm
Randhir's Resume63.pdf,employ
Randhir's Resume63.pdf,research
Randhir's Resume63.pdf,Ability
Randhir's Resume63.pdf,statist
Randhir's Resume63.pdf,analyst
Randhir's Resume63.pdf,scienc
Randhir's Resume63.pdf,dog
Randhir's Resume63.pdf,machin
Randhir's Resume63.pdf,for
Randhir's Resume63.pdf,skills
Randhir's Resume63.pdf,development
Randhir's Resume63.pdf,team
Randhir's Resume63.pdf,including
Randhir's Resume63.pdf,/
Randhir's Resume63.pdf,&
Randhir's Resume63.pdf,business
Randhir's Resume63.pdf,gener
Randhir's Resume63.pdf,will
Randhir's Resume63.pdf,busi
Randhir's Resume63.pdf,062023
Randhir's Resume63.pdf,other
Randhir's Resume63.pdf,a
Randhir's Resume63.pdf,use
Randhir's Resume63.pdf,20
Randhir's Resume63.pdf,that
Randhir's Resume63.pdf,the
Randhir's Resume63.pdf,extract
Randhir's Resume63.pdf,data
Randhir's Resume63.pdf,pattern
Randhir's Resume63.pdf,working
Randhir's Resume63.pdf,develop
Randhir's Resume63.pdf,rate
Randhir's Resume63.pdf,in
Randhir's Resume63.pdf,our
Randhir's Resume63.pdf,an
Randhir's Resume63.pdf,understanding
Randhir's Resume63.pdf,increas
Randhir's Resume63.pdf,learn
Randhir's Resume63.pdf,experi
Randhir's Resume63.pdf,tool
Randhir's Resume63.pdf,knowledge
Randhir's Resume63.pdf,is
Randhir's Resume63.pdf,to
Randhir's Resume63.pdf,report
Randhir's Resume63.pdf,python
Randhir's Resume63.pdf,Experience
Randhir's Resume63.pdf,years
Randhir's Resume63.pdf,with
Randhir's Resume63.pdf,database
Randhir's Resume63.pdf,experience
Randhir's Resume63.pdf,have
Randhir's Resume63.pdf,on
Randhir's Resume63.pdf,visual
Randhir's Resume63.pdf,15
Randhir's Resume63.pdf,be
Randhir's Resume63.pdf,Data
Randhir's Resume63.pdf,outcom
Randhir's Resume63.pdf,techniqu
Randhir's Resume63.pdf,insight
Randhir's Resume63.pdf,analyz
Randhir's Resume63.pdf,using
Randhir's Resume63.pdf,Salesforce
Randhir's Resume63.pdf,Web
Randhir's Resume63.pdf,collabor
Randhir's Resume63.pdf,lead
Randhir's Resume63.pdf,leverag
Randhir's Resume63.pdf,Salesforce
Randhir's Resume63.pdf,util
Randhir's Resume63.pdf,amravati
Randhir's Resume63.pdf,expert
Randhir's Resume63.pdf,data
Randhir's Resume63.pdf,rate
Randhir's Resume63.pdf,understanding
Randhir's Resume63.pdf,busi
Randhir's Resume63.pdf,knowledge
Randhir's Resume63.pdf,database
Randhir's Resume63.pdf,on
Randhir's Resume63.pdf,work
Randhir's Resume63.pdf,technical
Randhir's Resume63.pdf,skill
Randhir's Resume63.pdf,have
Randhir's Resume63.pdf,techniqu
Randhir's Resume63.pdf,years
Randhir's Resume63.pdf,security
Randhir's Resume63.pdf,employ
Randhir's Resume63.pdf,working
Randhir's Resume63.pdf,excel
Randhir's Resume63.pdf,an
Randhir's Resume63.pdf,outcom
Randhir's Resume63.pdf,Experience
Randhir's Resume63.pdf,our
Randhir's Resume63.pdf,062023
Randhir's Resume63.pdf,use
Randhir's Resume63.pdf,for
Randhir's Resume63.pdf,method
Randhir's Resume63.pdf,scienc
Randhir's Resume63.pdf,Ability
Randhir's Resume63.pdf,research
Randhir's Resume63.pdf,algorithm
Randhir's Resume63.pdf,student
Randhir's Resume63.pdf,dog
Randhir's Resume63.pdf,or
Randhir's Resume63.pdf,in
Randhir's Resume63.pdf,improv
Randhir's Resume63.pdf,experi
Randhir's Resume63.pdf,visual
Randhir's Resume63.pdf,build
Randhir's Resume63.pdf,python
Randhir's Resume63.pdf,that
Randhir's Resume63.pdf,action
Randhir's Resume63.pdf,nlp
Randhir's Resume63.pdf,develop
Randhir's Resume63.pdf,be
Randhir's Resume63.pdf,development
Randhir's Resume63.pdf,evalu
Randhir's Resume63.pdf,machin
Randhir's Resume63.pdf,15
Randhir's Resume63.pdf,insight
Randhir's Resume63.pdf,Web
Randhir's Resume63.pdf,using
Randhir's Resume63.pdf,the
Randhir's Resume63.pdf,will
Randhir's Resume63.pdf,are
Randhir's Resume63.pdf,to
Randhir's Resume63.pdf,analyz
Randhir's Resume63.pdf,retent
Randhir's Resume63.pdf,from
Randhir's Resume63.pdf,business
Randhir's Resume63.pdf,analyst
Randhir's Resume63.pdf,Strong
Randhir's Resume63.pdf,gener
Randhir's Resume63.pdf,including
Randhir's Resume63.pdf,of
Randhir's Resume63.pdf,skills
Randhir's Resume63.pdf,increas
Randhir's Resume63.pdf,dataset
Randhir's Resume63.pdf,is
Randhir's Resume63.pdf,experience
Randhir's Resume63.pdf,statist
Randhir's Resume63.pdf,/
Randhir's Resume63.pdf,-
Randhir's Resume63.pdf,movi
Randhir's Resume63.pdf,Knowledge
Randhir's Resume63.pdf,issu
Randhir's Resume63.pdf,learn
Randhir's Resume63.pdf,pattern
Randhir's Resume63.pdf,20
Randhir's Resume63.pdf,resum
Randhir's Resume63.pdf,web
Randhir's Resume63.pdf,&
Randhir's Resume63.pdf,as
Randhir's Resume63.pdf,a
Randhir's Resume63.pdf,and
Randhir's Resume63.pdf,Data
Randhir's Resume63.pdf,design
Randhir's Resume63.pdf,team
Randhir's Resume63.pdf,report
Randhir's Resume63.pdf,with
Randhir's Resume63.pdf,tool
Randhir's Resume63.pdf,other
Randhir's Resume63.pdf,extract
Randhir's Resume63.pdf,Developer
updated resume 2.pdf,gener
updated resume 2.pdf,integr
updated resume 2.pdf,fir
updated resume 2.pdf,system
updated resume 2.pdf,work
updated resume 2.pdf,development
updated resume 2.pdf,have
updated resume 2.pdf,and
updated resume 2.pdf,in
updated resume 2.pdf,extract
updated resume 2.pdf,&
updated resume 2.pdf,languag
updated resume 2.pdf,Experience
updated resume 2.pdf,strateg
updated resume 2.pdf,skills
updated resume 2.pdf,achiev
updated resume 2.pdf,experi
updated resume 2.pdf,understanding
updated resume 2.pdf,match
updated resume 2.pdf,that
updated resume 2.pdf,result
updated resume 2.pdf,security
updated resume 2.pdf,will
updated resume 2.pdf,for
updated resume 2.pdf,to
updated resume 2.pdf,document
updated resume 2.pdf,or
updated resume 2.pdf,pdf
updated resume 2.pdf,skill
updated resume 2.pdf,project
updated resume 2.pdf,crime
updated resume 2.pdf,creat
updated resume 2.pdf,a
updated resume 2.pdf,base
updated resume 2.pdf,25
updated resume 2.pdf,15
updated resume 2.pdf,machin
updated resume 2.pdf,scienc
updated resume 2.pdf,the
updated resume 2.pdf,process
updated resume 2.pdf,effici
updated resume 2.pdf,success
updated resume 2.pdf,Knowledge
updated resume 2.pdf,increas
updated resume 2.pdf,Ability
updated resume 2.pdf,nlp
updated resume 2.pdf,Developer
updated resume 2.pdf,platform
updated resume 2.pdf,dashboard
updated resume 2.pdf,student
updated resume 2.pdf,learn
updated resume 2.pdf,analysi
updated resume 2.pdf,develop
updated resume 2.pdf,Web
updated resume 2.pdf,web
updated resume 2.pdf,technolog
updated resume 2.pdf,resum
updated resume 2.pdf,database
updated resume 2.pdf,-
updated resume 2.pdf,Data
updated resume 2.pdf,Strong
updated resume 2.pdf,other
updated resume 2.pdf,reduct
updated resume 2.pdf,team
updated resume 2.pdf,from
updated resume 2.pdf,design
updated resume 2.pdf,years
updated resume 2.pdf,insight
updated resume 2.pdf,of
updated resume 2.pdf,contribut
updated resume 2.pdf,as
updated resume 2.pdf,job
updated resume 2.pdf,experience
updated resume 2.pdf,on
updated resume 2.pdf,engag
updated resume 2.pdf,comprehens
updated resume 2.pdf,Salesforce
updated resume 2.pdf,analyz
updated resume 2.pdf,our
updated resume 2.pdf,statist
updated resume 2.pdf,20
updated resume 2.pdf,data
updated resume 2.pdf,working
updated resume 2.pdf,/
updated resume 2.pdf,with
updated resume 2.pdf,knowledge
updated resume 2.pdf,business
updated resume 2.pdf,improv
updated resume 2.pdf,technical
updated resume 2.pdf,user
updated resume 2.pdf,be
updated resume 2.pdf,using
updated resume 2.pdf,including
updated resume 2.pdf,engin
updated resume 2.pdf,time
updated resume 2.pdf,an
updated resume 2.pdf,are
updated resume 2.pdf,is
updated resume 2.pdf,dashboard
updated resume 2.pdf,experience
updated resume 2.pdf,crime
updated resume 2.pdf,with
updated resume 2.pdf,achiev
updated resume 2.pdf,skill
updated resume 2.pdf,technolog
updated resume 2.pdf,base
updated resume 2.pdf,Strong
updated resume 2.pdf,extract
updated resume 2.pdf,business
updated resume 2.pdf,is
updated resume 2.pdf,project
updated resume 2.pdf,insight
updated resume 2.pdf,improv
updated resume 2.pdf,contribut
updated resume 2.pdf,security
updated resume 2.pdf,user
updated resume 2.pdf,learn
updated resume 2.pdf,Salesforce
updated resume 2.pdf,analyz
updated resume 2.pdf,effici
updated resume 2.pdf,for
updated resume 2.pdf,database
updated resume 2.pdf,including
updated resume 2.pdf,gener
updated resume 2.pdf,statist
updated resume 2.pdf,Web
updated resume 2.pdf,15
updated resume 2.pdf,to
updated resume 2.pdf,or
updated resume 2.pdf,years
updated resume 2.pdf,20
updated resume 2.pdf,&
updated resume 2.pdf,Experience
updated resume 2.pdf,strateg
updated resume 2.pdf,job
updated resume 2.pdf,understanding
updated resume 2.pdf,a
updated resume 2.pdf,as
updated resume 2.pdf,machin
updated resume 2.pdf,time
updated resume 2.pdf,Developer
updated resume 2.pdf,creat
updated resume 2.pdf,that
updated resume 2.pdf,develop
updated resume 2.pdf,using
updated resume 2.pdf,resum
updated resume 2.pdf,work
updated resume 2.pdf,are
updated resume 2.pdf,team
updated resume 2.pdf,Ability
updated resume 2.pdf,data
updated resume 2.pdf,reduct
updated resume 2.pdf,document
updated resume 2.pdf,knowledge
updated resume 2.pdf,increas
updated resume 2.pdf,in
updated resume 2.pdf,design
updated resume 2.pdf,platform
updated resume 2.pdf,system
updated resume 2.pdf,from
updated resume 2.pdf,development
updated resume 2.pdf,analysi
updated resume 2.pdf,engag
updated resume 2.pdf,be
updated resume 2.pdf,/
updated resume 2.pdf,an
updated resume 2.pdf,technical
updated resume 2.pdf,success
updated resume 2.pdf,have
updated resume 2.pdf,our
updated resume 2.pdf,fir
updated resume 2.pdf,engin
updated resume 2.pdf,languag
updated resume 2.pdf,pdf
updated resume 2.pdf,and
updated resume 2.pdf,skills
updated resume 2.pdf,match
updated resume 2.pdf,Knowledge
updated resume 2.pdf,25
updated resume 2.pdf,the
updated resume 2.pdf,comprehens
updated resume 2.pdf,-
updated resume 2.pdf,experi
updated resume 2.pdf,Data
updated resume 2.pdf,scienc
updated resume 2.pdf,process
updated resume 2.pdf,working
updated resume 2.pdf,will
updated resume 2.pdf,web
updated resume 2.pdf,nlp
updated resume 2.pdf,result
updated resume 2.pdf,other
updated resume 2.pdf,on
updated resume 2.pdf,student
updated resume 2.pdf,of
updated resume 2.pdf,integr
updated resume 2.pdf,time
updated resume 2.pdf,20
updated resume 2.pdf,achiev
updated resume 2.pdf,crime
updated resume 2.pdf,analysi
updated resume 2.pdf,platform
updated resume 2.pdf,skill
updated resume 2.pdf,Developer
updated resume 2.pdf,statist
updated resume 2.pdf,technical
updated resume 2.pdf,a
updated resume 2.pdf,design
updated resume 2.pdf,to
updated resume 2.pdf,25
updated resume 2.pdf,reduct
updated resume 2.pdf,engin
updated resume 2.pdf,comprehens
updated resume 2.pdf,fir
updated resume 2.pdf,including
updated resume 2.pdf,and
updated resume 2.pdf,or
updated resume 2.pdf,for
updated resume 2.pdf,document
updated resume 2.pdf,experience
updated resume 2.pdf,analyz
updated resume 2.pdf,is
updated resume 2.pdf,business
updated resume 2.pdf,knowledge
updated resume 2.pdf,other
updated resume 2.pdf,job
updated resume 2.pdf,success
updated resume 2.pdf,result
updated resume 2.pdf,-
updated resume 2.pdf,of
updated resume 2.pdf,base
updated resume 2.pdf,student
updated resume 2.pdf,system
updated resume 2.pdf,will
updated resume 2.pdf,&
updated resume 2.pdf,machin
updated resume 2.pdf,scienc
updated resume 2.pdf,dashboard
updated resume 2.pdf,develop
updated resume 2.pdf,pdf
updated resume 2.pdf,resum
updated resume 2.pdf,with
updated resume 2.pdf,be
updated resume 2.pdf,that
updated resume 2.pdf,improv
updated resume 2.pdf,process
updated resume 2.pdf,as
updated resume 2.pdf,extract
updated resume 2.pdf,Strong
updated resume 2.pdf,user
updated resume 2.pdf,Ability
updated resume 2.pdf,strateg
updated resume 2.pdf,from
updated resume 2.pdf,experi
updated resume 2.pdf,15
updated resume 2.pdf,insight
updated resume 2.pdf,Salesforce
updated resume 2.pdf,Experience
updated resume 2.pdf,Knowledge
updated resume 2.pdf,on
updated resume 2.pdf,project
updated resume 2.pdf,data
updated resume 2.pdf,creat
updated resume 2.pdf,development
updated resume 2.pdf,web
updated resume 2.pdf,database
updated resume 2.pdf,learn
updated resume 2.pdf,an
updated resume 2.pdf,skills
updated resume 2.pdf,in
updated resume 2.pdf,are
updated resume 2.pdf,understanding
updated resume 2.pdf,years
updated resume 2.pdf,technolog
updated resume 2.pdf,working
updated resume 2.pdf,our
updated resume 2.pdf,gener
updated resume 2.pdf,effici
updated resume 2.pdf,Data
updated resume 2.pdf,integr
updated resume 2.pdf,engag
updated resume 2.pdf,have
updated resume 2.pdf,/
updated resume 2.pdf,the
updated resume 2.pdf,nlp
updated resume 2.pdf,work
updated resume 2.pdf,match
updated resume 2.pdf,using
updated resume 2.pdf,increas
updated resume 2.pdf,contribut
updated resume 2.pdf,team
updated resume 2.pdf,Web
updated resume 2.pdf,languag
updated resume 2.pdf,security
updated resume 1.pdf,for
updated resume 1.pdf,25
updated resume 1.pdf,comprehens
updated resume 1.pdf,platform
updated resume 1.pdf,have
updated resume 1.pdf,a
updated resume 1.pdf,team
updated resume 1.pdf,business
updated resume 1.pdf,20
updated resume 1.pdf,engin
updated resume 1.pdf,Knowledge
updated resume 1.pdf,improv
updated resume 1.pdf,extract
updated resume 1.pdf,learn
updated resume 1.pdf,nlp
updated resume 1.pdf,&
updated resume 1.pdf,technolog
updated resume 1.pdf,on
updated resume 1.pdf,including
updated resume 1.pdf,base
updated resume 1.pdf,effici
updated resume 1.pdf,resum
updated resume 1.pdf,suggest
updated resume 1.pdf,is
updated resume 1.pdf,gener
updated resume 1.pdf,Ability
updated resume 1.pdf,experience
updated resume 1.pdf,working
updated resume 1.pdf,insight
updated resume 1.pdf,match
updated resume 1.pdf,experi
updated resume 1.pdf,process
updated resume 1.pdf,understanding
updated resume 1.pdf,our
updated resume 1.pdf,will
updated resume 1.pdf,database
updated resume 1.pdf,statist
updated resume 1.pdf,of
updated resume 1.pdf,analysi
updated resume 1.pdf,Data
updated resume 1.pdf,fir
updated resume 1.pdf,be
updated resume 1.pdf,work
updated resume 1.pdf,years
updated resume 1.pdf,user
updated resume 1.pdf,Developer
updated resume 1.pdf,are
updated resume 1.pdf,in
updated resume 1.pdf,score
updated resume 1.pdf,design
updated resume 1.pdf,time
updated resume 1.pdf,an
updated resume 1.pdf,document
updated resume 1.pdf,using
updated resume 1.pdf,development
updated resume 1.pdf,integr
updated resume 1.pdf,scienc
updated resume 1.pdf,project
updated resume 1.pdf,natur
updated resume 1.pdf,job
updated resume 1.pdf,with
updated resume 1.pdf,or
updated resume 1.pdf,creat
updated resume 1.pdf,crime
updated resume 1.pdf,web
updated resume 1.pdf,pdf
updated resume 1.pdf,achiev
updated resume 1.pdf,Salesforce
updated resume 1.pdf,languag
updated resume 1.pdf,student
updated resume 1.pdf,Web
updated resume 1.pdf,skill
updated resume 1.pdf,Experience
updated resume 1.pdf,as
updated resume 1.pdf,result
updated resume 1.pdf,machin
updated resume 1.pdf,and
updated resume 1.pdf,from
updated resume 1.pdf,/
updated resume 1.pdf,data
updated resume 1.pdf,security
updated resume 1.pdf,skills
updated resume 1.pdf,knowledge
updated resume 1.pdf,to
updated resume 1.pdf,other
updated resume 1.pdf,dashboard
updated resume 1.pdf,contribut
updated resume 1.pdf,reduct
updated resume 1.pdf,success
updated resume 1.pdf,that
updated resume 1.pdf,system
updated resume 1.pdf,develop
updated resume 1.pdf,Strong
updated resume 1.pdf,15
updated resume 1.pdf,enhanc
updated resume 1.pdf,-
updated resume 1.pdf,the
updated resume 1.pdf,increas
updated resume 1.pdf,technical
updated resume 2.pdf,for
updated resume 2.pdf,25
updated resume 2.pdf,comprehens
updated resume 2.pdf,platform
updated resume 2.pdf,have
updated resume 2.pdf,a
updated resume 2.pdf,team
updated resume 2.pdf,business
updated resume 2.pdf,20
updated resume 2.pdf,engin
updated resume 2.pdf,Knowledge
updated resume 2.pdf,improv
updated resume 2.pdf,extract
updated resume 2.pdf,learn
updated resume 2.pdf,nlp
updated resume 2.pdf,&
updated resume 2.pdf,technolog
updated resume 2.pdf,on
updated resume 2.pdf,including
updated resume 2.pdf,base
updated resume 2.pdf,effici
updated resume 2.pdf,resum
updated resume 2.pdf,is
updated resume 2.pdf,engag
updated resume 2.pdf,gener
updated resume 2.pdf,Ability
updated resume 2.pdf,experience
updated resume 2.pdf,working
updated resume 2.pdf,insight
updated resume 2.pdf,match
updated resume 2.pdf,experi
updated resume 2.pdf,process
updated resume 2.pdf,understanding
updated resume 2.pdf,our
updated resume 2.pdf,will
updated resume 2.pdf,database
updated resume 2.pdf,statist
updated resume 2.pdf,of
updated resume 2.pdf,analysi
updated resume 2.pdf,Data
updated resume 2.pdf,fir
updated resume 2.pdf,be
updated resume 2.pdf,work
updated resume 2.pdf,years
updated resume 2.pdf,user
updated resume 2.pdf,Developer
updated resume 2.pdf,are
updated resume 2.pdf,in
updated resume 2.pdf,design
updated resume 2.pdf,time
updated resume 2.pdf,an
updated resume 2.pdf,document
updated resume 2.pdf,using
updated resume 2.pdf,development
updated resume 2.pdf,integr
updated resume 2.pdf,scienc
updated resume 2.pdf,project
updated resume 2.pdf,job
updated resume 2.pdf,with
updated resume 2.pdf,analyz
updated resume 2.pdf,or
updated resume 2.pdf,creat
updated resume 2.pdf,crime
updated resume 2.pdf,web
updated resume 2.pdf,pdf
updated resume 2.pdf,achiev
updated resume 2.pdf,Salesforce
updated resume 2.pdf,languag
updated resume 2.pdf,student
updated resume 2.pdf,Web
updated resume 2.pdf,skill
updated resume 2.pdf,Experience
updated resume 2.pdf,strateg
updated resume 2.pdf,as
updated resume 2.pdf,result
updated resume 2.pdf,machin
updated resume 2.pdf,and
updated resume 2.pdf,from
updated resume 2.pdf,/
updated resume 2.pdf,data
updated resume 2.pdf,security
updated resume 2.pdf,skills
updated resume 2.pdf,knowledge
updated resume 2.pdf,to
updated resume 2.pdf,other
updated resume 2.pdf,dashboard
updated resume 2.pdf,contribut
updated resume 2.pdf,reduct
updated resume 2.pdf,success
updated resume 2.pdf,that
updated resume 2.pdf,system
updated resume 2.pdf,develop
updated resume 2.pdf,Strong
updated resume 2.pdf,15
updated resume 2.pdf,-
updated resume 2.pdf,the
updated resume 2.pdf,increas
updated resume 2.pdf,technical
updated resume 1.pdf,for
updated resume 1.pdf,25
updated resume 1.pdf,comprehens
updated resume 1.pdf,platform
updated resume 1.pdf,have
updated resume 1.pdf,a
updated resume 1.pdf,team
updated resume 1.pdf,business
updated resume 1.pdf,20
updated resume 1.pdf,engin
updated resume 1.pdf,Knowledge
updated resume 1.pdf,improv
updated resume 1.pdf,extract
updated resume 1.pdf,learn
updated resume 1.pdf,nlp
updated resume 1.pdf,&
updated resume 1.pdf,technolog
updated resume 1.pdf,on
updated resume 1.pdf,including
updated resume 1.pdf,base
updated resume 1.pdf,effici
updated resume 1.pdf,resum
updated resume 1.pdf,suggest
updated resume 1.pdf,is
updated resume 1.pdf,gener
updated resume 1.pdf,Ability
updated resume 1.pdf,experience
updated resume 1.pdf,working
updated resume 1.pdf,insight
updated resume 1.pdf,match
updated resume 1.pdf,experi
updated resume 1.pdf,process
updated resume 1.pdf,understanding
updated resume 1.pdf,our
updated resume 1.pdf,will
updated resume 1.pdf,database
updated resume 1.pdf,statist
updated resume 1.pdf,of
updated resume 1.pdf,analysi
updated resume 1.pdf,Data
updated resume 1.pdf,fir
updated resume 1.pdf,be
updated resume 1.pdf,work
updated resume 1.pdf,years
updated resume 1.pdf,user
updated resume 1.pdf,Developer
updated resume 1.pdf,are
updated resume 1.pdf,in
updated resume 1.pdf,score
updated resume 1.pdf,design
updated resume 1.pdf,time
updated resume 1.pdf,an
updated resume 1.pdf,document
updated resume 1.pdf,using
updated resume 1.pdf,development
updated resume 1.pdf,integr
updated resume 1.pdf,scienc
updated resume 1.pdf,project
updated resume 1.pdf,natur
updated resume 1.pdf,job
updated resume 1.pdf,with
updated resume 1.pdf,or
updated resume 1.pdf,creat
updated resume 1.pdf,crime
updated resume 1.pdf,web
updated resume 1.pdf,pdf
updated resume 1.pdf,achiev
updated resume 1.pdf,Salesforce
updated resume 1.pdf,languag
updated resume 1.pdf,student
updated resume 1.pdf,Web
updated resume 1.pdf,skill
updated resume 1.pdf,Experience
updated resume 1.pdf,as
updated resume 1.pdf,result
updated resume 1.pdf,machin
updated resume 1.pdf,and
updated resume 1.pdf,from
updated resume 1.pdf,/
updated resume 1.pdf,data
updated resume 1.pdf,security
updated resume 1.pdf,skills
updated resume 1.pdf,knowledge
updated resume 1.pdf,to
updated resume 1.pdf,other
updated resume 1.pdf,dashboard
updated resume 1.pdf,contribut
updated resume 1.pdf,reduct
updated resume 1.pdf,success
updated resume 1.pdf,that
updated resume 1.pdf,system
updated resume 1.pdf,develop
updated resume 1.pdf,Strong
updated resume 1.pdf,15
updated resume 1.pdf,enhanc
updated resume 1.pdf,-
updated resume 1.pdf,the
updated resume 1.pdf,increas
updated resume 1.pdf,technical
updated resume 2.pdf,with
updated resume 2.pdf,extract
updated resume 2.pdf,business
updated resume 2.pdf,project
updated resume 2.pdf,an
updated resume 2.pdf,resum
updated resume 2.pdf,to
updated resume 2.pdf,and
updated resume 2.pdf,statist
updated resume 2.pdf,user
updated resume 2.pdf,analysi
updated resume 2.pdf,security
updated resume 2.pdf,will
updated resume 2.pdf,result
updated resume 2.pdf,15
updated resume 2.pdf,increas
updated resume 2.pdf,Knowledge
updated resume 2.pdf,technolog
updated resume 2.pdf,reduct
updated resume 2.pdf,database
updated resume 2.pdf,for
updated resume 2.pdf,in
updated resume 2.pdf,the
updated resume 2.pdf,our
updated resume 2.pdf,gener
updated resume 2.pdf,Strong
updated resume 2.pdf,are
updated resume 2.pdf,develop
updated resume 2.pdf,document
updated resume 2.pdf,of
updated resume 2.pdf,job
updated resume 2.pdf,on
updated resume 2.pdf,pdf
updated resume 2.pdf,including
updated resume 2.pdf,experi
updated resume 2.pdf,success
updated resume 2.pdf,Ability
updated resume 2.pdf,engin
updated resume 2.pdf,analyz
updated resume 2.pdf,match
updated resume 2.pdf,design
updated resume 2.pdf,from
updated resume 2.pdf,learn
updated resume 2.pdf,effici
updated resume 2.pdf,25
updated resume 2.pdf,system
updated resume 2.pdf,scienc
updated resume 2.pdf,as
updated resume 2.pdf,student
updated resume 2.pdf,Experience
updated resume 2.pdf,creat
updated resume 2.pdf,process
updated resume 2.pdf,strateg
updated resume 2.pdf,platform
updated resume 2.pdf,web
updated resume 2.pdf,20
updated resume 2.pdf,Data
updated resume 2.pdf,improv
updated resume 2.pdf,time
updated resume 2.pdf,Developer
updated resume 2.pdf,years
updated resume 2.pdf,crime
updated resume 2.pdf,&
updated resume 2.pdf,understanding
updated resume 2.pdf,integr
updated resume 2.pdf,knowledge
updated resume 2.pdf,a
updated resume 2.pdf,experience
updated resume 2.pdf,contribut
updated resume 2.pdf,/
updated resume 2.pdf,that
updated resume 2.pdf,working
updated resume 2.pdf,development
updated resume 2.pdf,insight
updated resume 2.pdf,or
updated resume 2.pdf,base
updated resume 2.pdf,team
updated resume 2.pdf,skill
updated resume 2.pdf,data
updated resume 2.pdf,-
updated resume 2.pdf,work
updated resume 2.pdf,comprehens
updated resume 2.pdf,machin
updated resume 2.pdf,Web
updated resume 2.pdf,skills
updated resume 2.pdf,achiev
updated resume 2.pdf,other
updated resume 2.pdf,Salesforce
updated resume 2.pdf,using
updated resume 2.pdf,engag
updated resume 2.pdf,is
updated resume 2.pdf,technical
updated resume 2.pdf,fir
updated resume 2.pdf,nlp
updated resume 2.pdf,have
updated resume 2.pdf,be
updated resume 2.pdf,languag
updated resume 2.pdf,dashboard
updated resume 2.pdf,-
updated resume 2.pdf,achiev
updated resume 2.pdf,success
updated resume 2.pdf,Data
updated resume 2.pdf,an
updated resume 2.pdf,are
updated resume 2.pdf,Ability
updated resume 2.pdf,Knowledge
updated resume 2.pdf,analyz
updated resume 2.pdf,learn
updated resume 2.pdf,or
updated resume 2.pdf,experience
updated resume 2.pdf,fir
updated resume 2.pdf,for
updated resume 2.pdf,improv
updated resume 2.pdf,our
updated resume 2.pdf,to
updated resume 2.pdf,gener
updated resume 2.pdf,is
updated resume 2.pdf,technolog
updated resume 2.pdf,as
updated resume 2.pdf,skills
updated resume 2.pdf,pdf
updated resume 2.pdf,nlp
updated resume 2.pdf,time
updated resume 2.pdf,document
updated resume 2.pdf,&
updated resume 2.pdf,user
updated resume 2.pdf,comprehens
updated resume 2.pdf,20
updated resume 2.pdf,/
updated resume 2.pdf,match
updated resume 2.pdf,web
updated resume 2.pdf,increas
updated resume 2.pdf,that
updated resume 2.pdf,25
updated resume 2.pdf,strateg
updated resume 2.pdf,Strong
updated resume 2.pdf,system
updated resume 2.pdf,15
updated resume 2.pdf,Salesforce
updated resume 2.pdf,resum
updated resume 2.pdf,process
updated resume 2.pdf,Web
updated resume 2.pdf,team
updated resume 2.pdf,the
updated resume 2.pdf,student
updated resume 2.pdf,machin
updated resume 2.pdf,business
updated resume 2.pdf,languag
updated resume 2.pdf,integr
updated resume 2.pdf,using
updated resume 2.pdf,crime
updated resume 2.pdf,dashboard
updated resume 2.pdf,analysi
updated resume 2.pdf,scienc
updated resume 2.pdf,skill
updated resume 2.pdf,and
updated resume 2.pdf,will
updated resume 2.pdf,effici
updated resume 2.pdf,be
updated resume 2.pdf,in
updated resume 2.pdf,including
updated resume 2.pdf,on
updated resume 2.pdf,technical
updated resume 2.pdf,a
updated resume 2.pdf,engin
updated resume 2.pdf,develop
updated resume 2.pdf,statist
updated resume 2.pdf,extract
updated resume 2.pdf,base
updated resume 2.pdf,result
updated resume 2.pdf,of
updated resume 2.pdf,design
updated resume 2.pdf,other
updated resume 2.pdf,experi
updated resume 2.pdf,years
updated resume 2.pdf,have
updated resume 2.pdf,development
updated resume 2.pdf,working
updated resume 2.pdf,insight
updated resume 2.pdf,understanding
updated resume 2.pdf,platform
updated resume 2.pdf,job
updated resume 2.pdf,contribut
updated resume 2.pdf,creat
updated resume 2.pdf,Experience
updated resume 2.pdf,Developer
updated resume 2.pdf,project
updated resume 2.pdf,security
updated resume 2.pdf,work
updated resume 2.pdf,database
updated resume 2.pdf,engag
updated resume 2.pdf,knowledge
updated resume 2.pdf,data
updated resume 2.pdf,from
updated resume 2.pdf,with
updated resume 2.pdf,reduct
updated resume 2.pdf,analysi
updated resume 2.pdf,understanding
updated resume 2.pdf,develop
updated resume 2.pdf,analyz
updated resume 2.pdf,database
updated resume 2.pdf,nlp
updated resume 2.pdf,contribut
updated resume 2.pdf,Ability
updated resume 2.pdf,web
updated resume 2.pdf,experience
updated resume 2.pdf,an
updated resume 2.pdf,will
updated resume 2.pdf,years
updated resume 2.pdf,are
updated resume 2.pdf,skills
updated resume 2.pdf,creat
updated resume 2.pdf,be
updated resume 2.pdf,that
updated resume 2.pdf,Salesforce
updated resume 2.pdf,from
updated resume 2.pdf,knowledge
updated resume 2.pdf,using
updated resume 2.pdf,Strong
updated resume 2.pdf,dashboard
updated resume 2.pdf,comprehens
updated resume 2.pdf,Developer
updated resume 2.pdf,and
updated resume 2.pdf,including
updated resume 2.pdf,or
updated resume 2.pdf,15
updated resume 2.pdf,platform
updated resume 2.pdf,technical
updated resume 2.pdf,is
updated resume 2.pdf,work
updated resume 2.pdf,in
updated resume 2.pdf,security
updated resume 2.pdf,job
updated resume 2.pdf,languag
updated resume 2.pdf,effici
updated resume 2.pdf,Data
updated resume 2.pdf,-
updated resume 2.pdf,success
updated resume 2.pdf,as
updated resume 2.pdf,system
updated resume 2.pdf,team
updated resume 2.pdf,with
updated resume 2.pdf,reduct
updated resume 2.pdf,working
updated resume 2.pdf,user
updated resume 2.pdf,of
updated resume 2.pdf,Web
updated resume 2.pdf,a
updated resume 2.pdf,increas
updated resume 2.pdf,Experience
updated resume 2.pdf,base
updated resume 2.pdf,strateg
updated resume 2.pdf,process
updated resume 2.pdf,to
updated resume 2.pdf,Knowledge
updated resume 2.pdf,development
updated resume 2.pdf,20
updated resume 2.pdf,statist
updated resume 2.pdf,extract
updated resume 2.pdf,25
updated resume 2.pdf,result
updated resume 2.pdf,fir
updated resume 2.pdf,skill
updated resume 2.pdf,other
updated resume 2.pdf,the
updated resume 2.pdf,student
updated resume 2.pdf,pdf
updated resume 2.pdf,scienc
updated resume 2.pdf,integr
updated resume 2.pdf,business
updated resume 2.pdf,match
updated resume 2.pdf,/
updated resume 2.pdf,achiev
updated resume 2.pdf,gener
updated resume 2.pdf,resum
updated resume 2.pdf,engin
updated resume 2.pdf,on
updated resume 2.pdf,our
updated resume 2.pdf,insight
updated resume 2.pdf,project
updated resume 2.pdf,crime
updated resume 2.pdf,have
updated resume 2.pdf,data
updated resume 2.pdf,document
updated resume 2.pdf,for
updated resume 2.pdf,design
updated resume 2.pdf,learn
updated resume 2.pdf,machin
updated resume 2.pdf,time
updated resume 2.pdf,&
updated resume 2.pdf,engag
updated resume 2.pdf,technolog
updated resume 2.pdf,experi
updated resume 2.pdf,improv
updated resume 2.pdf,result
updated resume 2.pdf,technical
updated resume 2.pdf,dashboard
updated resume 2.pdf,pdf
updated resume 2.pdf,experi
updated resume 2.pdf,business
updated resume 2.pdf,or
updated resume 2.pdf,and
updated resume 2.pdf,including
updated resume 2.pdf,strateg
updated resume 2.pdf,using
updated resume 2.pdf,design
updated resume 2.pdf,nlp
updated resume 2.pdf,learn
updated resume 2.pdf,statist
updated resume 2.pdf,document
updated resume 2.pdf,Developer
updated resume 2.pdf,be
updated resume 2.pdf,effici
updated resume 2.pdf,skill
updated resume 2.pdf,Strong
updated resume 2.pdf,creat
updated resume 2.pdf,data
updated resume 2.pdf,knowledge
updated resume 2.pdf,machin
updated resume 2.pdf,development
updated resume 2.pdf,system
updated resume 2.pdf,Experience
updated resume 2.pdf,with
updated resume 2.pdf,resum
updated resume 2.pdf,analyz
updated resume 2.pdf,are
updated resume 2.pdf,analysi
updated resume 2.pdf,comprehens
updated resume 2.pdf,languag
updated resume 2.pdf,work
updated resume 2.pdf,base
updated resume 2.pdf,will
updated resume 2.pdf,&
updated resume 2.pdf,crime
updated resume 2.pdf,job
updated resume 2.pdf,team
updated resume 2.pdf,working
updated resume 2.pdf,our
updated resume 2.pdf,gener
updated resume 2.pdf,understanding
updated resume 2.pdf,on
updated resume 2.pdf,contribut
updated resume 2.pdf,Salesforce
updated resume 2.pdf,Data
updated resume 2.pdf,improv
updated resume 2.pdf,-
updated resume 2.pdf,other
updated resume 2.pdf,of
updated resume 2.pdf,user
updated resume 2.pdf,Web
updated resume 2.pdf,success
updated resume 2.pdf,from
updated resume 2.pdf,security
updated resume 2.pdf,a
updated resume 2.pdf,scienc
updated resume 2.pdf,extract
updated resume 2.pdf,experience
updated resume 2.pdf,have
updated resume 2.pdf,as
updated resume 2.pdf,technolog
updated resume 2.pdf,engag
updated resume 2.pdf,match
updated resume 2.pdf,integr
updated resume 2.pdf,the
updated resume 2.pdf,15
updated resume 2.pdf,Ability
updated resume 2.pdf,to
updated resume 2.pdf,an
updated resume 2.pdf,engin
updated resume 2.pdf,develop
updated resume 2.pdf,process
updated resume 2.pdf,insight
updated resume 2.pdf,skills
updated resume 2.pdf,20
updated resume 2.pdf,Knowledge
updated resume 2.pdf,increas
updated resume 2.pdf,is
updated resume 2.pdf,project
updated resume 2.pdf,web
updated resume 2.pdf,fir
updated resume 2.pdf,achiev
updated resume 2.pdf,student
updated resume 2.pdf,/
updated resume 2.pdf,reduct
updated resume 2.pdf,database
updated resume 2.pdf,years
updated resume 2.pdf,that
updated resume 2.pdf,platform
updated resume 2.pdf,in
updated resume 2.pdf,for
updated resume 2.pdf,time
updated resume 2.pdf,25
updated resume 2.pdf,engin
updated resume 2.pdf,is
updated resume 2.pdf,15
updated resume 2.pdf,integr
updated resume 2.pdf,&
updated resume 2.pdf,crime
updated resume 2.pdf,statist
updated resume 2.pdf,web
updated resume 2.pdf,development
updated resume 2.pdf,creat
updated resume 2.pdf,/
updated resume 2.pdf,platform
updated resume 2.pdf,gener
updated resume 2.pdf,technolog
updated resume 2.pdf,in
updated resume 2.pdf,on
updated resume 2.pdf,team
updated resume 2.pdf,Developer
updated resume 2.pdf,base
updated resume 2.pdf,job
updated resume 2.pdf,analyz
updated resume 2.pdf,learn
updated resume 2.pdf,extract
updated resume 2.pdf,database
updated resume 2.pdf,system
updated resume 2.pdf,dashboard
updated resume 2.pdf,working
updated resume 2.pdf,that
updated resume 2.pdf,Experience
updated resume 2.pdf,Knowledge
updated resume 2.pdf,match
updated resume 2.pdf,design
updated resume 2.pdf,nlp
updated resume 2.pdf,pdf
updated resume 2.pdf,user
updated resume 2.pdf,25
updated resume 2.pdf,to
updated resume 2.pdf,resum
updated resume 2.pdf,strateg
updated resume 2.pdf,have
updated resume 2.pdf,engag
updated resume 2.pdf,including
updated resume 2.pdf,analysi
updated resume 2.pdf,Data
updated resume 2.pdf,success
updated resume 2.pdf,experi
updated resume 2.pdf,security
updated resume 2.pdf,student
updated resume 2.pdf,improv
updated resume 2.pdf,knowledge
updated resume 2.pdf,business
updated resume 2.pdf,be
updated resume 2.pdf,process
updated resume 2.pdf,and
updated resume 2.pdf,are
updated resume 2.pdf,from
updated resume 2.pdf,effici
updated resume 2.pdf,time
updated resume 2.pdf,an
updated resume 2.pdf,a
updated resume 2.pdf,skills
updated resume 2.pdf,scienc
updated resume 2.pdf,with
updated resume 2.pdf,project
updated resume 2.pdf,comprehens
updated resume 2.pdf,Salesforce
updated resume 2.pdf,for
updated resume 2.pdf,data
updated resume 2.pdf,of
updated resume 2.pdf,document
updated resume 2.pdf,years
updated resume 2.pdf,using
updated resume 2.pdf,fir
updated resume 2.pdf,increas
updated resume 2.pdf,work
updated resume 2.pdf,-
updated resume 2.pdf,Web
updated resume 2.pdf,Ability
updated resume 2.pdf,develop
updated resume 2.pdf,the
updated resume 2.pdf,other
updated resume 2.pdf,contribut
updated resume 2.pdf,insight
updated resume 2.pdf,result
updated resume 2.pdf,understanding
updated resume 2.pdf,will
updated resume 2.pdf,technical
updated resume 2.pdf,20
updated resume 2.pdf,experience
updated resume 2.pdf,as
updated resume 2.pdf,skill
updated resume 2.pdf,Strong
updated resume 2.pdf,reduct
updated resume 2.pdf,languag
updated resume 2.pdf,or
updated resume 2.pdf,achiev
updated resume 2.pdf,our
updated resume 2.pdf,machin
